{
    "_nodetype": "FileAST",
    "coord": null,
    "ext": [
        {
            "_nodetype": "FuncDef",
            "body": {
                "_nodetype": "Compound",
                "block_items": [
                    {
                        "_nodetype": "If",
                        "cond": {
                            "_nodetype": "BinaryOp",
                            "coord": "test.c:3:9",
                            "left": {
                                "_nodetype": "BinaryOp",
                                "coord": "test.c:3:9",
                                "left": {
                                    "_nodetype": "ID",
                                    "coord": "test.c:3:9",
                                    "name": "num"
                                },
                                "op": "%",
                                "right": {
                                    "_nodetype": "Constant",
                                    "coord": "test.c:3:15",
                                    "type": "int",
                                    "value": "2"
                                }
                            },
                            "op": "==",
                            "right": {
                                "_nodetype": "Constant",
                                "coord": "test.c:3:20",
                                "type": "int",
                                "value": "0"
                            }
                        },
                        "coord": "test.c:3:5",
                        "iffalse": {
                            "_nodetype": "Compound",
                            "block_items": [
                                {
                                    "_nodetype": "Return",
                                    "coord": "test.c:6:9",
                                    "expr": {
                                        "_nodetype": "Constant",
                                        "coord": "test.c:6:16",
                                        "type": "int",
                                        "value": "0"
                                    }
                                }
                            ],
                            "coord": "test.c:5:1"
                        },
                        "iftrue": {
                            "_nodetype": "Compound",
                            "block_items": [
                                {
                                    "_nodetype": "Return",
                                    "coord": "test.c:4:9",
                                    "expr": {
                                        "_nodetype": "Constant",
                                        "coord": "test.c:4:16",
                                        "type": "int",
                                        "value": "1"
                                    }
                                }
                            ],
                            "coord": "test.c:3:1"
                        }
                    }
                ],
                "coord": "test.c:2:1"
            },
            "coord": "test.c:2:5",
            "decl": {
                "_nodetype": "Decl",
                "align": [],
                "bitsize": null,
                "coord": "test.c:2:5",
                "funcspec": [],
                "init": null,
                "name": "isEven",
                "quals": [],
                "storage": [],
                "type": {
                    "_nodetype": "FuncDecl",
                    "args": {
                        "_nodetype": "ParamList",
                        "coord": "test.c:2:16",
                        "params": [
                            {
                                "_nodetype": "Decl",
                                "align": [],
                                "bitsize": null,
                                "coord": "test.c:2:16",
                                "funcspec": [],
                                "init": null,
                                "name": "num",
                                "quals": [],
                                "storage": [],
                                "type": {
                                    "_nodetype": "TypeDecl",
                                    "align": null,
                                    "coord": "test.c:2:16",
                                    "declname": "num",
                                    "quals": [],
                                    "type": {
                                        "_nodetype": "IdentifierType",
                                        "coord": "test.c:2:12",
                                        "names": [
                                            "int"
                                        ]
                                    }
                                }
                            }
                        ]
                    },
                    "coord": "test.c:2:5",
                    "type": {
                        "_nodetype": "TypeDecl",
                        "align": null,
                        "coord": "test.c:2:5",
                        "declname": "isEven",
                        "quals": [],
                        "type": {
                            "_nodetype": "IdentifierType",
                            "coord": "test.c:2:1",
                            "names": [
                                "int"
                            ]
                        }
                    }
                }
            },
            "param_decls": null
        },
        {
            "_nodetype": "FuncDef",
            "body": {
                "_nodetype": "Compound",
                "block_items": [
                    {
                        "_nodetype": "If",
                        "cond": {
                            "_nodetype": "BinaryOp",
                            "coord": "test.c:11:9",
                            "left": {
                                "_nodetype": "ID",
                                "coord": "test.c:11:9",
                                "name": "a"
                            },
                            "op": ">",
                            "right": {
                                "_nodetype": "ID",
                                "coord": "test.c:11:13",
                                "name": "b"
                            }
                        },
                        "coord": "test.c:11:5",
                        "iffalse": {
                            "_nodetype": "Compound",
                            "block_items": [
                                {
                                    "_nodetype": "Return",
                                    "coord": "test.c:14:9",
                                    "expr": {
                                        "_nodetype": "ID",
                                        "coord": "test.c:14:16",
                                        "name": "b"
                                    }
                                }
                            ],
                            "coord": "test.c:13:1"
                        },
                        "iftrue": {
                            "_nodetype": "Compound",
                            "block_items": [
                                {
                                    "_nodetype": "Return",
                                    "coord": "test.c:12:9",
                                    "expr": {
                                        "_nodetype": "ID",
                                        "coord": "test.c:12:16",
                                        "name": "a"
                                    }
                                }
                            ],
                            "coord": "test.c:11:1"
                        }
                    }
                ],
                "coord": "test.c:10:1"
            },
            "coord": "test.c:10:5",
            "decl": {
                "_nodetype": "Decl",
                "align": [],
                "bitsize": null,
                "coord": "test.c:10:5",
                "funcspec": [],
                "init": null,
                "name": "max",
                "quals": [],
                "storage": [],
                "type": {
                    "_nodetype": "FuncDecl",
                    "args": {
                        "_nodetype": "ParamList",
                        "coord": "test.c:10:13",
                        "params": [
                            {
                                "_nodetype": "Decl",
                                "align": [],
                                "bitsize": null,
                                "coord": "test.c:10:13",
                                "funcspec": [],
                                "init": null,
                                "name": "a",
                                "quals": [],
                                "storage": [],
                                "type": {
                                    "_nodetype": "TypeDecl",
                                    "align": null,
                                    "coord": "test.c:10:13",
                                    "declname": "a",
                                    "quals": [],
                                    "type": {
                                        "_nodetype": "IdentifierType",
                                        "coord": "test.c:10:9",
                                        "names": [
                                            "int"
                                        ]
                                    }
                                }
                            },
                            {
                                "_nodetype": "Decl",
                                "align": [],
                                "bitsize": null,
                                "coord": "test.c:10:20",
                                "funcspec": [],
                                "init": null,
                                "name": "b",
                                "quals": [],
                                "storage": [],
                                "type": {
                                    "_nodetype": "TypeDecl",
                                    "align": null,
                                    "coord": "test.c:10:20",
                                    "declname": "b",
                                    "quals": [],
                                    "type": {
                                        "_nodetype": "IdentifierType",
                                        "coord": "test.c:10:16",
                                        "names": [
                                            "int"
                                        ]
                                    }
                                }
                            }
                        ]
                    },
                    "coord": "test.c:10:5",
                    "type": {
                        "_nodetype": "TypeDecl",
                        "align": null,
                        "coord": "test.c:10:5",
                        "declname": "max",
                        "quals": [],
                        "type": {
                            "_nodetype": "IdentifierType",
                            "coord": "test.c:10:1",
                            "names": [
                                "int"
                            ]
                        }
                    }
                }
            },
            "param_decls": null
        },
        {
            "_nodetype": "FuncDef",
            "body": {
                "_nodetype": "Compound",
                "block_items": [
                    {
                        "_nodetype": "Decl",
                        "align": [],
                        "bitsize": null,
                        "coord": "test.c:19:9",
                        "funcspec": [],
                        "init": null,
                        "name": "num1",
                        "quals": [],
                        "storage": [],
                        "type": {
                            "_nodetype": "TypeDecl",
                            "align": null,
                            "coord": "test.c:19:9",
                            "declname": "num1",
                            "quals": [],
                            "type": {
                                "_nodetype": "IdentifierType",
                                "coord": "test.c:19:5",
                                "names": [
                                    "int"
                                ]
                            }
                        }
                    },
                    {
                        "_nodetype": "Decl",
                        "align": [],
                        "bitsize": null,
                        "coord": "test.c:19:15",
                        "funcspec": [],
                        "init": null,
                        "name": "num2",
                        "quals": [],
                        "storage": [],
                        "type": {
                            "_nodetype": "TypeDecl",
                            "align": null,
                            "coord": "test.c:19:15",
                            "declname": "num2",
                            "quals": [],
                            "type": {
                                "_nodetype": "IdentifierType",
                                "coord": "test.c:19:5",
                                "names": [
                                    "int"
                                ]
                            }
                        }
                    },
                    {
                        "_nodetype": "FuncCall",
                        "args": {
                            "_nodetype": "ExprList",
                            "coord": "test.c:21:12",
                            "exprs": [
                                {
                                    "_nodetype": "Constant",
                                    "coord": "test.c:21:12",
                                    "type": "string",
                                    "value": "\"Enter two integers: \""
                                }
                            ]
                        },
                        "coord": "test.c:21:5",
                        "name": {
                            "_nodetype": "ID",
                            "coord": "test.c:21:5",
                            "name": "printf"
                        }
                    },
                    {
                        "_nodetype": "FuncCall",
                        "args": {
                            "_nodetype": "ExprList",
                            "coord": "test.c:22:11",
                            "exprs": [
                                {
                                    "_nodetype": "Constant",
                                    "coord": "test.c:22:11",
                                    "type": "string",
                                    "value": "\"%d %d\""
                                },
                                {
                                    "_nodetype": "UnaryOp",
                                    "coord": "test.c:22:21",
                                    "expr": {
                                        "_nodetype": "ID",
                                        "coord": "test.c:22:21",
                                        "name": "num1"
                                    },
                                    "op": "&"
                                },
                                {
                                    "_nodetype": "UnaryOp",
                                    "coord": "test.c:22:28",
                                    "expr": {
                                        "_nodetype": "ID",
                                        "coord": "test.c:22:28",
                                        "name": "num2"
                                    },
                                    "op": "&"
                                }
                            ]
                        },
                        "coord": "test.c:22:5",
                        "name": {
                            "_nodetype": "ID",
                            "coord": "test.c:22:5",
                            "name": "scanf"
                        }
                    },
                    {
                        "_nodetype": "For",
                        "cond": {
                            "_nodetype": "BinaryOp",
                            "coord": "test.c:24:21",
                            "left": {
                                "_nodetype": "ID",
                                "coord": "test.c:24:21",
                                "name": "i"
                            },
                            "op": "<",
                            "right": {
                                "_nodetype": "Constant",
                                "coord": "test.c:24:25",
                                "type": "int",
                                "value": "2"
                            }
                        },
                        "coord": "test.c:24:5",
                        "init": {
                            "_nodetype": "DeclList",
                            "coord": "test.c:24:5",
                            "decls": [
                                {
                                    "_nodetype": "Decl",
                                    "align": [],
                                    "bitsize": null,
                                    "coord": "test.c:24:14",
                                    "funcspec": [],
                                    "init": {
                                        "_nodetype": "Constant",
                                        "coord": "test.c:24:18",
                                        "type": "int",
                                        "value": "0"
                                    },
                                    "name": "i",
                                    "quals": [],
                                    "storage": [],
                                    "type": {
                                        "_nodetype": "TypeDecl",
                                        "align": null,
                                        "coord": "test.c:24:14",
                                        "declname": "i",
                                        "quals": [],
                                        "type": {
                                            "_nodetype": "IdentifierType",
                                            "coord": "test.c:24:10",
                                            "names": [
                                                "int"
                                            ]
                                        }
                                    }
                                }
                            ]
                        },
                        "next": {
                            "_nodetype": "UnaryOp",
                            "coord": "test.c:24:28",
                            "expr": {
                                "_nodetype": "ID",
                                "coord": "test.c:24:28",
                                "name": "i"
                            },
                            "op": "p++"
                        },
                        "stmt": {
                            "_nodetype": "Compound",
                            "block_items": [
                                {
                                    "_nodetype": "FuncCall",
                                    "args": {
                                        "_nodetype": "ExprList",
                                        "coord": "test.c:25:16",
                                        "exprs": [
                                            {
                                                "_nodetype": "Constant",
                                                "coord": "test.c:25:16",
                                                "type": "string",
                                                "value": "\"Iteration %d\\n\""
                                            },
                                            {
                                                "_nodetype": "ID",
                                                "coord": "test.c:25:34",
                                                "name": "i"
                                            }
                                        ]
                                    },
                                    "coord": "test.c:25:9",
                                    "name": {
                                        "_nodetype": "ID",
                                        "coord": "test.c:25:9",
                                        "name": "printf"
                                    }
                                }
                            ],
                            "coord": "test.c:24:1"
                        }
                    },
                    {
                        "_nodetype": "If",
                        "cond": {
                            "_nodetype": "FuncCall",
                            "args": {
                                "_nodetype": "ExprList",
                                "coord": "test.c:28:16",
                                "exprs": [
                                    {
                                        "_nodetype": "ID",
                                        "coord": "test.c:28:16",
                                        "name": "num1"
                                    }
                                ]
                            },
                            "coord": "test.c:28:9",
                            "name": {
                                "_nodetype": "ID",
                                "coord": "test.c:28:9",
                                "name": "isEven"
                            }
                        },
                        "coord": "test.c:28:5",
                        "iffalse": {
                            "_nodetype": "Compound",
                            "block_items": [
                                {
                                    "_nodetype": "FuncCall",
                                    "args": {
                                        "_nodetype": "ExprList",
                                        "coord": "test.c:31:16",
                                        "exprs": [
                                            {
                                                "_nodetype": "Constant",
                                                "coord": "test.c:31:16",
                                                "type": "string",
                                                "value": "\"%d is odd.\\n\""
                                            },
                                            {
                                                "_nodetype": "ID",
                                                "coord": "test.c:31:32",
                                                "name": "num1"
                                            }
                                        ]
                                    },
                                    "coord": "test.c:31:9",
                                    "name": {
                                        "_nodetype": "ID",
                                        "coord": "test.c:31:9",
                                        "name": "printf"
                                    }
                                }
                            ],
                            "coord": "test.c:30:1"
                        },
                        "iftrue": {
                            "_nodetype": "Compound",
                            "block_items": [
                                {
                                    "_nodetype": "FuncCall",
                                    "args": {
                                        "_nodetype": "ExprList",
                                        "coord": "test.c:29:16",
                                        "exprs": [
                                            {
                                                "_nodetype": "Constant",
                                                "coord": "test.c:29:16",
                                                "type": "string",
                                                "value": "\"%d is even.\\n\""
                                            },
                                            {
                                                "_nodetype": "ID",
                                                "coord": "test.c:29:33",
                                                "name": "num1"
                                            }
                                        ]
                                    },
                                    "coord": "test.c:29:9",
                                    "name": {
                                        "_nodetype": "ID",
                                        "coord": "test.c:29:9",
                                        "name": "printf"
                                    }
                                }
                            ],
                            "coord": "test.c:28:1"
                        }
                    },
                    {
                        "_nodetype": "Decl",
                        "align": [],
                        "bitsize": null,
                        "coord": "test.c:34:9",
                        "funcspec": [],
                        "init": {
                            "_nodetype": "FuncCall",
                            "args": {
                                "_nodetype": "ExprList",
                                "coord": "test.c:34:22",
                                "exprs": [
                                    {
                                        "_nodetype": "ID",
                                        "coord": "test.c:34:22",
                                        "name": "num1"
                                    },
                                    {
                                        "_nodetype": "ID",
                                        "coord": "test.c:34:28",
                                        "name": "num2"
                                    }
                                ]
                            },
                            "coord": "test.c:34:18",
                            "name": {
                                "_nodetype": "ID",
                                "coord": "test.c:34:18",
                                "name": "max"
                            }
                        },
                        "name": "larger",
                        "quals": [],
                        "storage": [],
                        "type": {
                            "_nodetype": "TypeDecl",
                            "align": null,
                            "coord": "test.c:34:9",
                            "declname": "larger",
                            "quals": [],
                            "type": {
                                "_nodetype": "IdentifierType",
                                "coord": "test.c:34:5",
                                "names": [
                                    "int"
                                ]
                            }
                        }
                    },
                    {
                        "_nodetype": "If",
                        "cond": {
                            "_nodetype": "BinaryOp",
                            "coord": "test.c:35:9",
                            "left": {
                                "_nodetype": "ID",
                                "coord": "test.c:35:9",
                                "name": "larger"
                            },
                            "op": "==",
                            "right": {
                                "_nodetype": "ID",
                                "coord": "test.c:35:19",
                                "name": "num1"
                            }
                        },
                        "coord": "test.c:35:5",
                        "iffalse": {
                            "_nodetype": "If",
                            "cond": {
                                "_nodetype": "BinaryOp",
                                "coord": "test.c:37:16",
                                "left": {
                                    "_nodetype": "ID",
                                    "coord": "test.c:37:16",
                                    "name": "larger"
                                },
                                "op": "==",
                                "right": {
                                    "_nodetype": "ID",
                                    "coord": "test.c:37:26",
                                    "name": "num2"
                                }
                            },
                            "coord": "test.c:37:12",
                            "iffalse": {
                                "_nodetype": "Compound",
                                "block_items": [
                                    {
                                        "_nodetype": "FuncCall",
                                        "args": {
                                            "_nodetype": "ExprList",
                                            "coord": "test.c:40:16",
                                            "exprs": [
                                                {
                                                    "_nodetype": "Constant",
                                                    "coord": "test.c:40:16",
                                                    "type": "string",
                                                    "value": "\"Both numbers are equal.\\n\""
                                                }
                                            ]
                                        },
                                        "coord": "test.c:40:9",
                                        "name": {
                                            "_nodetype": "ID",
                                            "coord": "test.c:40:9",
                                            "name": "printf"
                                        }
                                    }
                                ],
                                "coord": "test.c:39:1"
                            },
                            "iftrue": {
                                "_nodetype": "Compound",
                                "block_items": [
                                    {
                                        "_nodetype": "FuncCall",
                                        "args": {
                                            "_nodetype": "ExprList",
                                            "coord": "test.c:38:16",
                                            "exprs": [
                                                {
                                                    "_nodetype": "Constant",
                                                    "coord": "test.c:38:16",
                                                    "type": "string",
                                                    "value": "\"%d is larger than %d\\n\""
                                                },
                                                {
                                                    "_nodetype": "ID",
                                                    "coord": "test.c:38:42",
                                                    "name": "num2"
                                                },
                                                {
                                                    "_nodetype": "ID",
                                                    "coord": "test.c:38:48",
                                                    "name": "num1"
                                                }
                                            ]
                                        },
                                        "coord": "test.c:38:9",
                                        "name": {
                                            "_nodetype": "ID",
                                            "coord": "test.c:38:9",
                                            "name": "printf"
                                        }
                                    }
                                ],
                                "coord": "test.c:37:1"
                            }
                        },
                        "iftrue": {
                            "_nodetype": "Compound",
                            "block_items": [
                                {
                                    "_nodetype": "FuncCall",
                                    "args": {
                                        "_nodetype": "ExprList",
                                        "coord": "test.c:36:16",
                                        "exprs": [
                                            {
                                                "_nodetype": "Constant",
                                                "coord": "test.c:36:16",
                                                "type": "string",
                                                "value": "\"%d is larger than %d\\n\""
                                            },
                                            {
                                                "_nodetype": "ID",
                                                "coord": "test.c:36:42",
                                                "name": "num1"
                                            },
                                            {
                                                "_nodetype": "ID",
                                                "coord": "test.c:36:48",
                                                "name": "num2"
                                            }
                                        ]
                                    },
                                    "coord": "test.c:36:9",
                                    "name": {
                                        "_nodetype": "ID",
                                        "coord": "test.c:36:9",
                                        "name": "printf"
                                    }
                                }
                            ],
                            "coord": "test.c:35:1"
                        }
                    },
                    {
                        "_nodetype": "Decl",
                        "align": [],
                        "bitsize": null,
                        "coord": "test.c:43:9",
                        "funcspec": [],
                        "init": {
                            "_nodetype": "Constant",
                            "coord": "test.c:43:19",
                            "type": "int",
                            "value": "0"
                        },
                        "name": "counter",
                        "quals": [],
                        "storage": [],
                        "type": {
                            "_nodetype": "TypeDecl",
                            "align": null,
                            "coord": "test.c:43:9",
                            "declname": "counter",
                            "quals": [],
                            "type": {
                                "_nodetype": "IdentifierType",
                                "coord": "test.c:43:5",
                                "names": [
                                    "int"
                                ]
                            }
                        }
                    },
                    {
                        "_nodetype": "While",
                        "cond": {
                            "_nodetype": "BinaryOp",
                            "coord": "test.c:44:12",
                            "left": {
                                "_nodetype": "ID",
                                "coord": "test.c:44:12",
                                "name": "counter"
                            },
                            "op": "<",
                            "right": {
                                "_nodetype": "Constant",
                                "coord": "test.c:44:22",
                                "type": "int",
                                "value": "2"
                            }
                        },
                        "coord": "test.c:44:5",
                        "stmt": {
                            "_nodetype": "Compound",
                            "block_items": [
                                {
                                    "_nodetype": "FuncCall",
                                    "args": {
                                        "_nodetype": "ExprList",
                                        "coord": "test.c:45:16",
                                        "exprs": [
                                            {
                                                "_nodetype": "Constant",
                                                "coord": "test.c:45:16",
                                                "type": "string",
                                                "value": "\"While loop iteration %d\\n\""
                                            },
                                            {
                                                "_nodetype": "ID",
                                                "coord": "test.c:45:45",
                                                "name": "counter"
                                            }
                                        ]
                                    },
                                    "coord": "test.c:45:9",
                                    "name": {
                                        "_nodetype": "ID",
                                        "coord": "test.c:45:9",
                                        "name": "printf"
                                    }
                                },
                                {
                                    "_nodetype": "UnaryOp",
                                    "coord": "test.c:46:9",
                                    "expr": {
                                        "_nodetype": "ID",
                                        "coord": "test.c:46:9",
                                        "name": "counter"
                                    },
                                    "op": "p++"
                                }
                            ],
                            "coord": "test.c:44:1"
                        }
                    },
                    {
                        "_nodetype": "Return",
                        "coord": "test.c:49:5",
                        "expr": {
                            "_nodetype": "Constant",
                            "coord": "test.c:49:12",
                            "type": "int",
                            "value": "0"
                        }
                    }
                ],
                "coord": "test.c:18:1"
            },
            "coord": "test.c:18:5",
            "decl": {
                "_nodetype": "Decl",
                "align": [],
                "bitsize": null,
                "coord": "test.c:18:5",
                "funcspec": [],
                "init": null,
                "name": "main",
                "quals": [],
                "storage": [],
                "type": {
                    "_nodetype": "FuncDecl",
                    "args": null,
                    "coord": "test.c:18:5",
                    "type": {
                        "_nodetype": "TypeDecl",
                        "align": null,
                        "coord": "test.c:18:5",
                        "declname": "main",
                        "quals": [],
                        "type": {
                            "_nodetype": "IdentifierType",
                            "coord": "test.c:18:1",
                            "names": [
                                "int"
                            ]
                        }
                    }
                }
            },
            "param_decls": null
        }
    ]
}